r_sq	t	p	snp	probe	BH
0.4124969454428501	17.43070511608458	0.0	rs1799987	ENSG00000160791	0.0
0.13882669635879819	-8.363319223114555	1.1102230246251565e-15	rs2058660	ENSG00000115602	3.3306690738754696e-15
0.13748353479907172	8.150563240876679	5.551115123125783e-15	rs9273493	ENSG00000179344	1.1102230246251565e-14
0.12562356382413975	7.62688433458136	2.0317081350640365e-13	rs4320356	ENSG00000026950	3.0475622025960547e-13
0.06595912912682422	5.650642916564727	3.183579200261022e-08	rs6734762	ENSG00000115607	3.820295040313226e-08
0.006057841385666229	1.5583350382849073	0.12000415569693001	rs1893592	ENSG00000160185	0.12000415569693001
